epoch,exposure
3,0.473931188332413
5,0.6896598793878495
8,1.0892673380970876
15,3.3219280948873626
20,2.04394334758759744
25,3.0588936890535687
30,2.9965
40,3.22
70,3.11
100,3.0588936890535687