num_insertions,exposure
1,0.4150374992788448
5,0.9159357352115256
8,2.184424571137428
15,2.0892673380970876
16,2.473931188332413
32,2.120294233717712